SkA5eVcqI1RlYW0gSUR+LmlCMkRW,Wm5zY0YocTIxODJIcEldcUxT,UD9lSlZ3SU9TbDlpVj8sdA==,a1V3TnRmQ0xpbnV4QjFlNE9caw==
MD0jWVI8akZvciBtYXplMDAuanBnZEh9IyZaYQ==,LkRGbXItSTEwMExedHIlLH4=
XGZjPUMwPzdbOF5wN0FW,VEx+eWYidjNtSkt2RjVn,b0MsaDRSQDEwUl1ESCRXPw==,PTIlbmx3cDEwQ1NiZHZZNw==,LSVcakNlMTY1fTBgcGsl,YVFCJlJdRjNkeXNcSm5e,WyZiY1pRbDEwazNIY3BVIg==,VWM/NiFbQTZWYUxHVGgw,UitVWFxCejNDOUEoTn0h,M1cxTFBLZTZwWmcpRVwn
Uj5raCo5TjFjP2F9N318,PitjOXMobzEyW3dYWH4mXA==,eEhacyQ+dzMpZVZ3T2Es,IjElOVA2MzEweVE7dk5lew==,NSFdNlBQajEyb35AYjtOOA==,bT9reXRXUTVlXiVfU1pa,WGZhJVluKDdHJXBTdVJc,ZlVXWFA/ejk/TWdMLz5T,bnhbSjFeOjEyS05IRSMhKw==,QmdnKzMtUjVpWHVxM3ZD
WmM4QFAnLTEqaUlEcld7,dzsoXy08YjE0ciVIXyl+dA==,WTY8MkAsZTlGNW1WJVo8,SCR+a2BuVTZ+S2s8ZDQo,QGpwfFpZfjc5Z29ENzBn,bFVtTDxmZDVqY1daIUJ4,RDFqWl5WKzl5K1MiPU9b,O1JMOi4iODEwO3RfNnJcYQ==,RGRhLHlFWTZ7S1dnM1Vl,PlUuam9tMzVEbnZVUz87
JzYyT0t6WjVXaT9md1sp,RER5a0IkNjNqZClgNS8k,azp2NileazZ+TVpHMUAh,XCtaTjhNRTVnSkw4YHIj,PUpZJztkXjVHSS0/Qy9M,XGFXXkBZZTlMZHh0aDRY,YDBvSnRVWDY0LGk+NC5D,RF5TMURhczNIM1hae2Am,SkIka2R7NTEyODxxayZJbA==,Ri9XN0BWXjU/SnZiWTEt
P2hseyh9MDUidWQlb0JZ,R29pLktvbTVcfjUvVjdB,Jn48fFcuajlSW1crajNl,P10kcCtZUTEyI01CQD08JQ==,OlNkdnZRWjE6dltzYzFT,YVwnRCJMSDE0aWU6NVVMQg==,SEcvelZBJjlxUEtWRWVL,RjZrNkR0LTQwW1ZmcDwk,MVx+KlNBXDN5QUQ8fVQp,RXhCOiIpOTReL25UaVF0
M1s0N1RJLjV3fXU0VDg8,d0RSTSVCXjlEOi46UFsq,TiFlclItJjZyLyc1UEZs,VndIfS03YjdRRkxaJ3RD,c0Q+cmIjXjEsMUN3e0o9,UldtM2ksfDEwNmomeig3Vw==,M2QifDdKVDEwYjFQOHFnTA==,QHslRlQzbTEyOnJKK0J3Lw==,KSpPTmpcVjU5WS9ZfmU5,S0QpNFY5fjEzM3o9dStJMg==
MzlZdl9XRTl0flJYTWNH,P2tXbiVfWDYjOTBHOSRC,eTA1IUx0LzVlMk9bKyl0,OC5DW2IrYTE5SUJBM0dH,I0EoS1pLPjhPJ3EwQDsh,Xy4zbU84NDEwQ1xyTFtUNw==,c3ljfFZRbjEwQTkrJ0pBJg==,eENRYWxyQTE0YFAwW2xKOg==,JHtmMXZRKzlgUjVOUXwo,UV88bUlEdDY/X2l0IW4w
X15ZbiokPjcyU2tJdnt4,Q3REaFRjMDV+Ny1USTZX,YH1qXGQvUjUxJkluNXNm,ZSh+IS56dzk6a2IsXjI/,b21ZfClLXTYua20sKk1l,Vm5aTzVfTjMjQTVRI3o/,VC1UO1ExOzY4QjR2SHtJ,W1xpLH4zITNqUClWLyxZ,O1FhYCNZIjY8ODo5RS4k,R2VoVkZqazVMa2NBOF41
ISRIeXssPjVdMHo2dWM8,M1QucVk7djVpUGJOa2tq,KkhsW3thazlXWXYxO0Mk,cl85UE8udTE0TSs3a3dmWg==,YXAjTkdDXDEzXFFiMXU0MA==,UF47I0JhZjV0Z15bVjMk,YWdZK35WKDlzcH5weU0+,WjkjYVxfZjEyQy1aeE5UbA==,K0V+PEs5OzVBXn4lXEV+,J2VKaT57QzVCcjNIKjRS
Ty1sV350fTk+QmB+Jysm,bDg0ek1AVTg0NkpLfENT,dkBvRnxWOTEwOVk+aTlcLA==,UyhmNyE+JjEwTV9pIlR8SA==,eVJdVlh4czEwfWNjcl1BTQ==,Tj5+e3oxNDEyJDxdX1h5LQ==,QT9fLkgsLTExc1RtXT5WZQ==,XFNXUncvODEwZD1kIl9mSw==,MFcuaFJ2dTg+diw6R2NI,TFgkIk9sKTEySHJdcnNANw==
Mm1tPzQ1OEZvciBtYXplMDEuanBnOlRqXXpUcQ==,XGc5TE1wTzEwMHslJTFAN2c=
PGhtKVNLcTc9JlNebSkq,aTdfZG5DNzExVFBYeHksMA==,eDQ8fC9fcTJQdlsvSjZo,dyZSaH5WNjIxVGVxMV5Z,NzYvanwzUzZxeEw3PVhF,cFdIU1YiVjdtN2JPVVNP,TzhcZnYuTzNeJDUrckh0,RjRkJzRlSjE0QExxQ3QjOA==,SCh9L2JAQzd6bzdeWk13,RT5cYGNjfjcrLFZqRDpq
LCInOihFWDlMMXtHI3Q4,KTNFb0J8KTEwMnNgR29vTQ==,WSM6YWNtejQ5WG9+SW8q,Zyp8N3dpKzEzKk1mLko7aQ==,ezZPellVVzEzaXIrJGRDJQ==,PiNQeCJpPTk7OEpRXToz,fEdnMWAlaTAuZ3cmNDV7,aiZvfUpDcjEwb3VvL0UlNQ==,Zjh5SSNyJjA0QCI1LWdV,fG42ZF1eTTRvIyIpNUBv
fUxBMV50eDNJeVF1OCgz,Q2IuV08wazE0T0Q/Llhdbg==,aSdtSHRkczE2Nj54ZERO,J1x1YGxSVzJAeDkwKCZp,WjgjQ0VNbDE0J10veUhpTQ==,bTNGcU89PjExdl03J0VARQ==,S2d1fWgxSDBUWTpDYyMu,d2RYTi0qODE0W3NwOEx7Xg==,PVxPKFUzODEzRDQkLl16QA==,dmokfH1QTDEzYzwiQXVvUQ==
IzozUFxrNTEjZTIrJX5S,OSZAQk4/OzJfaWk7O2R+,QE1rIzhCJTEyZXIzOnIjdg==,bWBVYC5vWjEzNHx4REE/OA==,aTg1flQrTjExLTV3WldEJA==,VVRqOyFdITI+emQnbWYn,dUdgSThvJTEyc1ZGeFNjXQ==,ZS5zQyNXKzduKj5dNDJR,JDtpSzNlRjd7aiNeTnx+,dmNFVXwjOjc/andKJFpU
dHsxVW14XDVvVHNteDBB,b1MoPkxdOzErO1lOJHgh,TzNSMkshezE0ND9fJXV3ag==,d05eTlNlUzdoPHVNaCNL,b2J1P0JCQTNRRnQ/P2s3,ezZOfDdZXDgxWXZGSjgo,YUV7Ijl+eDEwS10mMztqaA==,P3FELT1SeDg8MCEiISVB,QzMoJzd8STgzNnBJMHJt,TmNvU3FfeDQoI1Q7b0Vn
dDBeJ3d2fDUhPCxzJnI2,SVFuXHM3XzEzKCNoaGw4UA==,bGw1M3pxSTd2MFcxVT5F,PkkrXUNoTTEzUi47KEM3,V30jWFAvazEyIjc2SzpzLg==,TEd4QlFmYzNQMVdHQV5z,Vyg6UFRgPDEwLFlMUStHWA==,aHwvVmwhQTE0MCtwVztTVw==,MUZEVjc9NDExTDtXTylTZw==,bkFIZHRiYTEyeTgpKEs9JA==
Nl5CdW48ZDVuUFh3VFF3,XVMoYmxLfDc6ZVxnfU4t,b1F4RHdJPTE7dFBfaiZ+,NWIvVDA5aDh6bypBfCFz,eyJLc149OzIoLV5kJkB3,UnpSbGleSThOWlFMZihw,OTREWC1nWzJ1LEE0OEFR,N3ZnKWZtOjE0aD9Td29PKQ==,Sz1DaXJVUzc7ZDRzP2R6,U2VTIWE3ODc3cUVyeSs9
Iy5vfWlJWzk3S28hQlJJ,J3pbSDxPPThLNENZVUlt,SEN4QD55PzRkVWdRdj4q,OmVkWkwkJDc3ZXhZTjRr,b3Y3fnUrIzEzfjdbXFJZPw==,fj13SmwxLDcrcHssPV0/,amk5Oll+TjEzSUhQbSRiKg==,TSlybikjfTdNfmxcazAp,U30/Z3gkYzFTY1xsVEJL,KyNTJyIqOzEyIlEsO0tvQw==
cmNuci9NUzExTVlXY25lUQ==,KS06eElHWzZiJmIxLzVM,fV8lYzFPWDFtNShsKlRE,KGA2QCl9dDhjdlk1Ui8r,YlJKdn54RjEwTlBLXn11Sg==,Oj15MS0iTzB4OWYnV14x,XmtlJlxsYDJrNC9JcGJW,JWk2IXVXczAzNndfbkox,JER5IUFcZzhQNSR1Klk9,KzoxKUdSTTE0ZjFUcHxfSA==
KT8nNVoxIzExQiNjOmBIVg==,LSxkclFoKzhPYH14fW8p,RixWSFddRDhHL15hXEBt,NTpbPSxmfTEwUFVKam9kYw==,NWEhRV10fTE0MTgzZDV9bg==,eSl1aj1ndDEzWDRBKi97dw==,VDZFRCg+ejEzW2tafDUzbA==,Q20pOVlYYjljV1c7Z3Bq,Jm9VeCFjWjEwOWU7PlAkLg==,OjRSRk84NDE0Tz8xSHxybg==
cDRrZzozbkZvciBtYXplMDIuanBnZkpXZS1SaA==,a1NRLFFmYzEwMFdjOjd6e04=
OV9aRFg6dDdNfXs7bywr,am1ESkt5Zzd3dmRsJVl5,Mm9hRmFxbjExLmgoU3clNg==,TVF5YWVgdjZyXDZwPiZf,eCFSO0tbUDNJe35UUn5M,dXItfW5IKjEwZXtJTGNPVw==,M3xtP0w+QTYhJWpwcG4h,XDwjUSpgQzc0KSc9Q2lt,I1BLMFZaPTNreThzIjpg,VTIlZHNHbDE0Y0YpfT1ANw==
dGpmUDpfQTV+OH13bG98,RUknKXdbMTUnJW9Kc3Ng,RzpWR3NjJjExOVBFK0o7Ug==,eXlIRF1mczhqR0UoeFxK,VipYLyZUITBGdVZ5dkN6,QTc5diFeXDE0cXJQTUBVNQ==,YkB+UnlqPTlgTk0qMn5T,VWktKzw9Yjg3KSZZT3xL,eDBVejp3eDBvenlOL1lg,S3sxMSFaVzE0TCJ2MmtYTg==
MzE0K2smNDExalVNVyJo,IXdlLz5ZXTBrPmBLZj9n,YXBYTmQpRDEwLm5dK0FmSg==,blBZMVJKNjE0Q0J8PF1EIQ==,NCc+dz09IzEzKThvYDslfA==,YzZENz0iXzExcyglWnVWaA==,QERabm9cZzYpQjNRVUst,cGpWYkhTWzNHYH1Udj1V,NWdKamp8UDgpPDYxTlJO,cz1SbkRuVDE0SmY0az86cw==
YE9bSEpxQTEzcTZXZU1PTA==,YSErMm4hNDV5Q2g0R2s7,YEY5RHhRfjExOT84UzZ5Qw==,REFsUHR9aTJ+PlcxfjJ6,dUBrbn5ELzE0Tip3RnNpTA==,LV5DTDc9bDNgUEY4YTNB,KDprZ3wuXDhHUl5mcTZN,SCxUI3IjSjBEPEJDZiot,TiEneCZ0XDEwKSVcNCdQVg==,OmxUTT8/cjZmRz44aSF0
OjtRZz5rMzNQU2o3OFVd,Q3ZAWCo/SjBkOmpZQHw3,enczaVA6MjJea1MmP1o5,e24xUiItdjgqNWpQOV93,anAoZV1fODIlS1ZuX1wt,TGZ4MFI+TDEyMFFKY0U4dQ==,LzRxRUZcZDExPls7M3x3aA==,Pn50Xz1wVjB5OSVzenlB,T3o6OlA6TjE0InkmI05dRA==,YSE7MkNlfTEzfUpAKlQ9Mg==
MF9BWD5CaTVUJUY/SCgq,cn4qczN7UDVzczcvaGZB,W1deZTQjaDU1Nz9yNGU0,SnVuVyNOLjExckIpY2dFeQ==,XSJAZGYuVTgianpYJEpX,MVlbXnUmKDE0QyNWLD1yUg==,LFpZIlgmLDExOmZSYnVJMA==,Un4pa3o+TDQpOFZCOz9f,cFBxLmMmRjNFQD81dl55,U1NqQ0xPazE0SXhEMWo2Vg==
LzNyc1JCXjUpRStZJ3Iu,PCMnRS9oczVVLVtgPDpS,Y0BySns3bTV4ZzZpUlxT,TikjQXU4dDExVj8kJFcmKg==,aUItbSdrODEweSdXKnRSZA==,N3QpQ1B6TDJueXwwOHlr,bnpqJy5MaDIuR1dqYz48,OWZkcitCMjh+U1VnQWBI,KjEsJjReITg9RFUnQS5n,ai4xQjd4cDZmSWAySEI8
OD5MKzM3fTVGWnl0cUx8,amRRS0BwSTEze1hxOHIzYg==,LVFPemhOUjE9flZ3cz41,UChjI0h8JzY/SXZ+ckd3,YEthVy47VTExK11sZ2RqZw==,eilqdU5dVjEyLCYscEk1aA==,RjhHN0FWdDEvfGNDe2kk,J2hle3xROjZDal5oeUsk,JHpITVRceTM2UUM/c1ZF,dSViXkEnWzEya29jNFRBfg==
dyQ2U0MzRDFyNT1GPnNZ,O0lGPywsMzYvWnwiPFVU,VE1GVHBAQzEzVWp4WE1OSQ==,V0NNJFtWdTVmdUM1VVRI,WnohLTE6ZTM/Ik5ILSdW,dGNtSS5jPDEwcjVvfE9LOA==,JCQtPC4jXTQ0QHEtRj9r,Q2l0M3QxKjV1cWwwVFAl,SWNgZjBcfDEvP1lHbVAm,JXpNVjNqeTZaQmAlWlxn
eEBcXScsXDEzKlk3NTt6cQ==,dm0kNCVzWTlLb3E9SWV4,RjdTTlpRYzE0dDZ2Ry5pdA==,Ik1gNzw4RDEzVVBZP19iVA==,eFd5ODhcbzEzflJ4Lm1eTA==,Jld3M1RsVjExJ19CISckcA==,Njl7bH1wTjEydDRCfS1pSw==,YStfS2NkUTEzO1B7MXtsMA==,LEVBaFR9bzEzIWp8M0A/ew==,OmB5ekR2ODEzYixuYm5cdg==
TGstX1MhVUZvciBtYXplMDMuanBnPENgR3Rlew==,eDQtMkRfMjEwMHpyWiY7XX0=
RF8wJEhgQDduLVstXjo5,YXBZIXgsIjExNns9T2BWOg==,NS1eaHhDOzJcc1BJI0Uj,RF1hImVZPzE0RUJvUyVsUQ==,NlAqc1JcKjNGe3dtJ1w+,c3c3SGpwZjE0VUVmbk41cg==,LFAuT097VzM2MjsrekFH,L1FJQndUIzJTQz15bGt1,bns/YCpqVTJGT1NZXGJp,YXp0ZF0mYDZ8fXtIaEgr
R09DPSdaQDVtVVdfMGAr,N3REWTtOXjExcEpfc0FyfQ==,PXJtXm9cNDBDIiJFIS5T,LWVOSFFDOzJOZyxQfVtH,LWs8MWZOKDg6Q0Y6TXsl,QlUjRjZGazJMVXFud24+,KTtXMSIpUzQqOURjT3Uz,N3dXMjlMKDEzcEs9X0hZWQ==,ZXMifS4idDEzZDV3OTYlTA==,Qjs0bGZbdzVeYjU6PWVe
eW89Z0RFZjEnU2BGeGM3,XTd8PTwxNTEwPz0mMCZoJg==,djc1UkZjKDEyS1gsTkdwOA==,UUp8eDx4PTEzIip4PW0yYA==,LklZPn1JJzExZHdHUDZhdQ==,T3RxfDRWPDEyZkU9MUB4Qg==,YFQzenQ0fDlIYkpQMU1P,dDh6SkouKDJ4UmYtbyIv,PHI4RlMiZjE0JXB3UCsybw==,Uy1XRG5OYjVuQk1hbVgu
fXg5cSlacjEzUCkxTnNRVQ==,b2FzQ0ZwMjExeyF3ey44Ug==,WHojNyU2MDZVXD1iYCpx,UTspTk5sJDMneDBfW3s7,YTlXQVw9VTJZUT9ITXRU,ITIyJkNFOzEwWl0yZjd4Rw==,MGd1XllKQzEwZF04PFd1Tw==,X3d0YGB1UDBCVj8tbDti,cyY3eHk7ezE0VEx7PGVjRg==,XTEySSFUezVpZ19bQ3x9
NFEsW21gTDMiNzFHNG14,Oy0hIkgnSTEwN35AYFJrKg==,T0oxZVUwQjg3VHk8XUlF,OzZ9O1lYbzRAaSclSytQ,ZXlqQEE4WDEzfi0mTUJLNA==,LmxiJ0I8PjM1S0xwQnUv,P00pb3hEYDEwUGBmLWx1KQ==,UFcjIzx3QjBLQyFeNnt7,Z3RPLGBhazE0VnxbdldceQ==,RWJ6J3BbfjUve0o6VCx+
O3BpeydzWDEzZl9nejE4Vg==,VztkT1IhYDExWnBKMHFdMQ==,aDE4LCNFUjEwYyZATFt8cA==,c2hDMiZWPjQ3WDhre1NZ,fCxqL1IydTNHPSplSWh4,bFxaZTp9cjEyJS06M31gaQ==,LDNML2o+ezExXjlPRVBCNQ==,ZUJdZnVDdTB+MTFFdT1I,cElxKG1DKDE0eHhkblJZSw==,NGxxJHdYdjVjWShAK1Fc
eiNyZXlIUTExQWlxfik+Ug==,XG1lQ3FkcjEwUVdOLnhLfQ==,JztWUE47XDJ9P34tXkJ8,VVlFOXVpcDR7ckd3aHFR,dEp7fj9hOTV2by1KQFde,P0dyZ1FNLDdJZVohIWEz,MS1FcSw/MjczNmJyTDpO,KFRDczt2MjE2Myh+QE5m,bWkka0Z7MzYmN2lDNmcw,QSJUU05oLzEzXnFbM2BpNQ==
Qnx7LStWdTM6XVNLQloy,NHd1OWBeRzJJe0BRIikh,UTV2eC82djRdYmZYWVxy,SC9sMDhGZDEzcWFYI1YxKA==,UDhhYHtiLDEzPjU6WylGfg==,e2JybVN9ajF2aj9QTkRT,NSZuK3BSfTBldWghcWtr,Qlp4SkN5WzRrL0AhMU52,ZWpJTU56LDlyUlhTUzFO,JisxLSEjRTYkSWE8Zn5t
RU5RKGE6YjEzJlwiX0gpfg==,NHk/P21NejV7Pz85NWRr,T2d2Y2lWLzEzdDghLm4rYQ==,PE0vXmo5MTExJiUxIW5pRA==,LSgvYlgrPDEwN0N3NyRKag==,ezVofC9najEyQ09nMWNRKA==,QFQ6bCU5XzVsTWwmLGo8,NmJbODJ9ezVBODA0WnI+,IkV9cydkNDExY2RBYEthNQ==,KzsuMWltTTRUeWtFWCMo
LjBkTUtOJjExPyw5ZTs9Pg==,LS1NZyRIfTEyJ1YjR1JZfg==,R2FvKk5VazExb0lKK3QzVA==,VShIdDJeNjEwPlVfOWheTA==,V1BJdi5gJDEwPn5KNkojaw==,MltSRFhVNDEwRyYrNHVkeA==,ZmMpRSNyODEyNmxZbSQlJw==,RTkpN3EwOzEzOX1NMHM9Wg==,ay9GUDhCKzExMFEyKTEpMA==,WWgoWjd0WjEySTlqJyhZdw==
YnNbYis5UkZvciBtYXplMDQuanBnTTZ1SkREcg==,PmgwSCRleTEwMGZBLiYxJTM=
cDJ4JF9vdDd0X11KJmRy,NzE8JWJgVjExfXo9LmA6MA==,fEoqMGQ0QDJ3TXRXOTt5,UTo8UXt1MDEwanA/OERGJA==,K0toQndGIjEwU3FOfF00QQ==,LyhQKChgTjEwQCd+JURdUA==,TFkxUGdLPDZRalxrRnc2,WGB3T2kuKjMrLnMrO10z,WSo3YWdvMzE0ZTslWCxafA==,TTAwcVMhcjdrKzA2IjU8
IysyRmNWUzVDZ1ZsJWQ8,J1FqJGZPejdVN1FpT1NT,M31IPEdOIjEzYiFEY1Y+Iw==,Tn0oQXBYMTd9PU9pKGQ4,XSFyQ3FqfjdOKnldbEgw,YDRGcHx4NjExJEtWWz9zWg==,TT80UllWfDBwRzojNXpe,JWY5Qn5xVDRfcEpcVmA7,LWpYOXEnXTNNfVJQfGlz,Q0dTIlEzUzEyaDI5bHR4Wg==
WitLPCdEJTEjIjoub3At,TmYhSmY1LTEyKnVLKCx5Ww==,byooISY2RDc7VTpSXStc,ZWIoXHp0TDlTeHNfN0kx,QUo/ZT5BezQ4ZDc0e2Fo,fFhFJV9sXzciLT5KbH1y,Q1M1T2I8VzEzLCZgbixGIg==,ImtWe2FAYzUwUjtjOV0/,STopXVJTNzFnY2hBeVlw,Mm0xaXI3OTE0Wn5QPEpiTw==
RWMuJnl6ODFJPjkhbVc5,TGd6X0gpYTE0KklgcldbMg==,NmJYU2FGRTFVOHYvVjFm,SlZZaHsybzZ8Y1dQPVAr,b3FHUkR1PjEsSVE2ez5W,dSoqbFlrPTRPdVMrJFg6,UyFuLX48JzdJMHpFJG9P,KVRnKEF8YTVFXGchYSp7,fmQmXSx7fTVZMyN4dGIx,Wmx8fVVZVTc+Nzt5QUAo
Z1o9RF5STzEyOWpxfCko,aXVGI3g+ZjE0X2F0VWE7Nw==,PzthR3BiSTEzUi1qVE41bA==,eCpZOi8wKjVoKT4+aTA5,STs/KkJfbjEzPkJDSmRvRA==,TSFySytXTDkyJ3w1MHs8,RzxBRyRyXDA7WDYpSk91,Pk9teCJJdzhpXjJeY3Yj,I0Y3QFNbWjh5THpKOUR+,YFRsRyhOcTEyYH00NDldLw==
KXU0bzQiazk+UWE7IVMq,N0lwOihpKDEwYFIifDFYLw==,Uz9Yb2BudjYqVmhvTHA1,RDVHbWJ9UzkjZzI5cmlg,UFNzTCpgUjEwezp2IUYrVw==,PCMhXyhvQDJFe3UqcTB5,KGVGa0M5IjgufFghbW9Q,dTMtbnREeDIodEg8ak5G,eSU9SlFTRDEwLjBwVkBEbw==,InI8MFh3LzE0J3ZuRCU5cQ==
LUxjKHFuKjdFXyg+KERt,Xj9UQiIlbTMpT191VSVT,SHJSeyIxRjRoTTxKK1NF,cFpfJWM7KTc0MyxaJ0hU,TiN8J1BScDExMylVPDlsLA==,Jkc8SycweDEyOS5IeDtUVg==,ZDwmQntWPjc4OzFnVFIo,IXJ9RyMqXjE/R3ozJGJk,Kyh8Pi9JPTEwejFnOWBbRw==,QUoieVUnKTE0SjxZJHRfWg==
JGFjP0RsLTlQRnQvOUg4,XmlMZHJCLDQpJ1tVfXZd,TlxqMy09KTEzWE0lW3Bvew==,ZDk1KTZaLzljW2NvWXFu,bD5BYyxmejEwYz96KTY/Ug==,JmdBfTlzTTJzW3B+WS5K,enE+KT8nKzgqdz51NEZC,XV1GK2MiWTBGKkUtPGRX,Zml+K0oiUDIhN2dvUFRQ,a1xtOEksRDE0UGZWNzBlbQ==
REI/enBiWjM6S3pgdC0w,QTRVdFA+fTBGaWNoOy57,W01kYyh7OzEwZig+NW58Qg==,SkZQa2xYQzYzJG1PRVt4,S31uXj9HUjExY1s+YWFIXQ==,IyVycWBbWjRcR3NXUVpd,WH0nNkxSSjExMWVHV1A5SQ==,Sy4+P1pHKDEyJGYoc2dHfA==,Jn59I3FiXzFkJDtBeXBk,VF1fTHVoVDE0QThwdEVtWg==
Q3RWfC1GTjEzJUg3QHM1RQ==,JGJMISlgYzEzOzo8Yn0uRg==,XHpdPiwvNzExdFh3cH1rWw==,aCJVQEVHcjhRNld6IjNs,W004XVA+VzEwS31XakpAKQ==,dV5LOywsSjhpaDFxeUVj,WTdyM1VSTDEwSlheJGdgMw==,cSQrO310OTE0SFw2MmAoOw==,LTB9e1wkUTlgTzllPyQo,N3AxJEVfQjE0K3NyP0RwOQ==
LlRTaC06fEZvciBtYXplMDUuanBnKWVMa1NhZw==,al4hRDYjZTEwMC4ld0NEYUY=
b05IZmU7OTckQmBJKVBh,YjxcNjc9RjN+LFVUTD43,QGw2PVl2ajEwYTh8JmdFcA==,OjRDSD57ezE0ITpZJTRnVQ==,bUBTXXgvTzN9e1Vqa0k9,N18mWUVNPTJLXW8wd2go,M1hjRyVdKTEwUD5afD8nVg==,Ymk0LVVEWDE0O31cQSdgTg==,e0heJ1o4RDExNE5Hb0wsSQ==,UiRKRURaNjZScix5Vzdi
W1dhRnRiUzU6MzE3JzJr,VT9UeFhiJDF3UEFAaUsk,dCgpQ0dGeTE0Pz5WNTskKw==,PXJ6PW1TTTExYHNcOkxXNA==,IVllTlVDJjRPaDF5SSlQ,W2pQTiInVzlFPjwvc1kt,X3VBbipeNTZYQjwpRkQ4,aCIrUjNZXjExVVtLWiRfIw==,QTQqO0A/PjEwW2p6ayFKQQ==,RTJIR0IqSzRjJCIxWXVK
XEZ2XkNiJzE8bXc2fXBb,WUpbdCpeKzBLe2xYc2xm,Iy49X0Q2UjIiL0xYKmtC,SyFNPmVEVzE0MGsoMns3JA==,YTJgcjViVzEzXFJAM0BzOQ==,RDtoIUgxOjExfiYzK3ZbPw==,LD96amc5LzBtZSxQeidd,Yi0tRXpWRzE0ej1ma0tweA==,RSFYPEd0bTMiUUpVOnNZ,PSlFJzxGdjEyfUVBSmRqSw==
KCYoOCNtQTVMKWY+MXl+,dVdjWkQlUjEzVTQ0Oio0MA==,LmxSTC8hJzk8dmdZK0Fx,QTNycmkxVTI7OHBNWm1n,WWtAdjhCdDEwLzpmTi5tNQ==,ZiJAYlFvdzEwVE9DVzI7Qw==,bTllJmI9VzQ8NllpPndf,dUVwczF1Qjd6ZDswOzZT,Qjw/bC1wWzVMZVkmVlk0,byMiXGg/STdJXyw3bXU5
b3R1WE9+QDlFfjZJWHVK,SjFhYCZccTE0d3cmaE0uWA==,XHlhJTVHVzExX1R2QVU1Uw==,IiNibl01RDEyMTEoXFl6Iw==,VWMsVVJqYjNAPywlaD0z,QCRULGsyZDEwJjc6X34kQw==,MjlveUduVDgiQWdCYUgx,aVxQeDo4czBEJlknMjs0,YiVdei17dDhSUCxBWVd+,aDRFKDhBYjEyMGtxU2orZg==
YXZCbHdeYzExc2BmNlssMA==,VjdnVTdvMTZ1ZXctRnpu,KyNabVxSMzExYWdlOnt3Lw==,Sjd3LzllSTEwUlYnIi9vZg==,Y1g4fU5ETzEyJ1ldVHNAYw==,VTB5OklnMzdRSitGQFRL,UXhuTyUqJDExSEg0bEsiOA==,LTdVXS1lMzRqLDsncjpk,MVxYQUB9NDM6VXtlPXkm,XjdieFpyUzE0SWlNO2BTZw==
W1JYIiF+TTExLFsuS0wjJw==,VEhOS2JvJDBWT1RBdWEv,Qit4X0doXzEwZFhJSDBBUQ==,I1ZnZzo1QDEwZURyKHpuQQ==,cXFSan1KTTY5d2Q5UTci,PmRiNzx4XzF5M19fLlhq,TS89TkZxYzJNTjsjZCRd,WTNaIiY+SjBUPTcsRz49,OSQ4NnYtSjBUVWRCIlpE,I1FvWk5WSzE0L3hNKkkxQA==
UlwhJyU6PTExLz1GcnYiIQ==,b3ZmYFNsZTEyL0FVYSU6Xg==,U2ldMXwuRzExNEJMVXc8aQ==,O0E2TWZ2YTJWRjsxLHNn,NTMsPEhIbDBKWGIxVzNQ,e0orK01HNjR2aislO0tU,PC0+cUknVjVhXldMb2V4,XXYxNkVcMjEzRjlkXDpCWg==,PXxDcHNRYzlXKD4nTEtE,ZlpdV3IwUDZHPExJT2FK
TU8rY11cfDExb2pEXGd0QA==,MGk6SThHTTEwI0EnM1x8Pw==,W342bHdIZDJiaCE3O2Bb,fVJpa1MiNjQmak00anIm,JyRTQ183VjEzcUIqPHV7ZA==,M3xgKG0nXTU4RWlzckE9,Jj1HMWJafjFqYGB2LnFu,YyQ9ekZ1aDJHZUEiMGoj,Y01gJ19IezZdXjo8a0g9,KHZ4Uip+VDV4bkpST0Be
ImwxSC42ezExNSx1TjVgSA==,Pl57OCJSZTEwXUJjVmYtTw==,PDdQVChqLzEyLDkuTEFNLQ==,cURJcFF2bDEzMChnREJWOQ==,NiNvcURNRDExOEJMdjN9Kg==,VHRSNXVtYDEyKmR0ayFrdw==,V1xIWHQtcDEzPndzIy5dNA==,cldYYFZRMTEzJUY8cVVWQQ==,OjlKcCsjSDEzOS1+Om54KQ==,IlQ7OGw3RjEzTCJwIypEYQ==
JCtVT3ZtUEZvciBtYXplMDYuanBnbXRZNz1uMw==,bXF5ajYoRTEwMEhePlBHYys=
K0Y8NzQ8STdAajpQazl3,b1Y6fnxgRjNGdjdJdVN0,cmlASyUoSzZtKiVEcW1i,W0xkKXdlbTMzKlYvTUlx,Y2QmJyojfTZ4b31pKj5e,Q3E8REJ4KDNALnxlU0Nv,Y1xYbjI/VTEwOXVHcXY+aw==,d21SbExyVTJKMUgvdSpR,UCJNIUxcaTEwN1djdEcoSg==,UGczWT5CcTZqTUx1eFNl
bnA/ZzZ0PjEvMUR0OmRL,ZEtiel8iWTEyLTthfiRGSQ==,UURpSmgnajl4bjVLc056,ZjgtU1RKdjEyQ3Ayc05OTQ==,W29ObzBIZDl6YmtiVG5l,OSwhakRVXTEyJ1VcPEo2bw==,ci80Wmc2LzNyRDcranUh,fVs+ZXkoRTEyP2BASGUtaA==,PSI1NkgvSzdGQlE9c2BZ,OFhucFI3XTV0eEBPXHlp
Vmk7V2VmXzk3KCouQClC,Qz81IUo6IjEwZDZ8VnU3WA==,VWdAcFs0PjEwW0AqcntfQA==,aGdudUpBQDZCKnNfLXtH,NSNbb2MrKjclUj4lbyhr,UkVZKSE3SDNTJW08QXhx,VlZjYnknXTEyVWtkYEF5fg==,eUlzZz5caTExPkZofUYsXQ==,NEg1STooWDRTMm07W0Ew,LExuX3MzLTVWOT5HPzg0
c3x+J3JeJjNxSWw5TWAh,QnNmelciQjZlSz82Lkwj,e3NQLUtmPTNoYyp7Jm8y,X1NZIU9qLTEyZX07RzhUPw==,V1dkNVRVZjUhKDlqd3Fp,SHZUUS91JjlUMmBORGBN,UU06V1JuPTEwZjA+IUM1cg==,Knh0eyxoVjZRTFEpWCc1,RC5NaXtRWzVcXSpsLEtV,bDNEQ1M5NDVpMCd0YTZB
P15xeGQkTTVtRmtzSigw,VV5YSF9NQDlsRnx4WSRM,fXZEOmhxTTgsJFtOXS5W,Pl5sRX1WSTE0dy9zZF5cOg==,L050UixFczFKZy5LXGY7,N1NsOD1CODJVMkNmL0Yi,YWJ3UjxJeTE0OnMnclI3WQ==,azV1cTpALTUnKTx+TCRN,QGJXUnFrVzFSVW5yQSxq,QnNWeHo6QTEyWyF1QT9MQA==
LlpCfkI1KDVOWE5IayNZ,Qk0pVS8jbTExNEVIfUpLRg==,WFhFQztJMzJYN256Xj1Q,d0onLG09YjItbVg6YXpq,YVhBb0Y6ITEyV2ZcSEt8UA==,NWA4WHt6ejVLYzltcHhl,RVJRO3svODNcZT1kRiQv,dERuYih1dDEybUZxSCthPQ==,aV5LPHFvNzUqcUN0LjRi,W1Ujdk4+ejd0M1ssZ2F0
Slx9diVrfjldemAjSF0i,Qyg7fmoiRzZBUid7XGRd,d001by07bjV4fEFdM0E7,fC9eeHV+RjVmI29IbEJV,MGd5VVt5cjExTCtJUVtXZw==,bntBTl1DLDQma3VPbSIp,YztkLSdcVjlVQC5DUlEs,MHx+cWZcLDY5fT1Vfmk5,XjhsN2pvUzlfJl5ebEpZ,Kl9GVlBYJzR6OHdgZmJI
fFYzXiQxezNVISNdT1pX,JGNeOG5SVDEyZiJkcmVoZg==,XWJceDw8STEzZENAYV4lJA==,MWBLIkMxYzltJ15fVCpd,Syw2Wn5QbjZrMGFYdyty,Ii8vPUQvWTkvZC5vMi9A,dzlDb1ghNTZiPyZdMlk6,QldgbDgoZjVuSF5fYihp,dTwqJSV4QTdzfiUieVoj,SkplRkoxUzUjVElGTjFS
ZWxAM2FpaTV3Ul1laCdk,LD5qamNIOjNKU0lWc28q,KXRadjh8YzEwSUgrXCQzRw==,OC93VEQ/bjZlcXA8R3BW,dHQ7XkZ3OjUnOGkoTyE2,WU1YOUYqKTExPmRrNHMpcA==,eGQsQWkyRDEyXGA4fX0kJQ==,M34kaXAmLTUpWlZoY2h5,WUM7czxWUTVbaCNTdUlQ,cCpqLEBWQTVDOnltPCVv
LiVuK1pCPjkvfSMtJVo6,PU5cbnVeTTEyLX4jbWl4bQ==,RXxiSDdrXjExc0czeS9EKQ==,NEwwdC9mUThAZiU2PTxt,KFFeJVVkVzEyUXI8Uy07aQ==,MyQobnBAQTExJ218VXQ5fQ==,S112ckxOTzEwP0RhWWpURw==,fm49WnNITzEyZkVoYzZdRw==,RTB2ciV9VTlHLUwzJyZ5,bDthIVB8ZDEyfndeLWU6ZA==
ay5gOmpIVkZvciBtYXplMDcuanBndEhZQW90fA==,Km94cC5PNDEwMCluM35eKl8=
YHtyOjppZTNiXz11WmMo,VFFidkVYTDE0K2hXXyVwWA==,YnhAOyl6MjNcfVBISTVn,Y19peSV0SDEwTWt2JmteWQ==,J2JAJGMhIzEwJnIpVT8yUw==,OGV6WDlRTjEwZjUsS0EsJQ==,K2doTjF+YzEwS3pbQmhqSQ==,Z0ZzclJffDIqa286OVpl,eGRGNCspSjEwRSVick1gew==,bnxoP01mLjZMIiV0NF9+
QzVmQ0hLWzU4cWw9bFps,LS1SJnVzLTNbc11PT2B3,M2JgVExubDEyYSNAOEAlOQ==,YTB4ZEs0UzExU3stWFwsZw==,eyFPJSJbSjY0QU9Xak9U,eEc4bHdFXDMiMjBJOEto,PCc8O0hDKzZkZGQ7aE1V,UUA9VFFbezEzNVdpfmZ2Uw==,PlBHNyh1MzMlYWBAUzF+,YUJddClLZDQnZ0onMl5i
ZzFHNzo1JjVxfmYiNUQl,ZXBTRicobTk2U0ghQFh2,ZSY1eUZoOzJOLytdOz9P,dFgnTj89TTEwcW9USzQ0JA==,OjlDPD9rMzEyOkJ1IjQkdw==,Z0xeP3ZWKDU2VyVKITtt,MEpjNCwqKTk9PlBpeHcz,T2xYcScmXjZUZE09fXEp,UTJoK3w/TDU6M3o+VFo3,ZEhQX087VzEzVGtlNUMhNw==
M1Isfn5rNDE7JipPYTtW,Mkxqc1U8RTE0KSJLZUt6fg==,Ujp2aEsydjVqby9GTik6,WjJuVic6azNSOWtAcXA5,cnUmJEtCMjZlRHdjPkps,aH4uJTR+SDk+fU5cMns8,dzwpQWsyWDZ1ciZIXDpk,KWc/fUR8bzVkSiZdNjdm,UlM2alBCYDlWU207WnN7,bTVvWlxnbTZYSn00VW9q
PlIpbzRcRDlFYW4zRj44,LEkjQ11lKzEwaDQ8ZjVEZA==,YDFvXkszZjEyNjJqPFk6cA==,RW04bEM3NjVDLjpRMlZ4,KmEqUyZ5YTklcG03Rjd6,RS53L0ozJTEwMHc4SWBFYg==,OmF6L1E+QzEydzFyKX08LA==,Q2I5KDpLUjVjeEkhWDc2,KzQoPkZPXDN5dGdyYDJx,L1EzQG1XNjEyV05Ra082Xw==
dk9JT0J1fTM5emcnQGom,XlMoLyxwTTEwaG51J3AtSg==,L0dtPHB9WjYtTGwuVSwm,Q0xvQnQ8XDUiZjQ0NCk5,YClNdXhiQjdzPyVaRSxm,cFN2S1s2dTNbNTslOjR2,eW4qVUlzcjEwMihFe2RNQw==,RSJgaT1FSDEyRU9UbS98Vg==,b3Z9NXshZTk9bSs7MyVg,Zmc1cDUybTYyTltZZVNA
JWlkP1FHYDVsJnkzMF1Z,V29Pd3khNTExYEdWWWxbNg==,J20oIXQnYThnYCJxbllR,J0MkKnFyRzEyeF92V3BpPA==,LXR+ZE04STVOKGFbRjF7,NWcxYDNIQTU2NF87JyRK,MUkkLGVCZzN+T0NeYlNp,XGpETE0hMDZBWlQ2Kj9j,cVIrdXFfKzNcajBYP1pO,ZjJkW0Z8JzEyU3IzN3kuRQ==
MXBKaWNFTjVsaVlIYmNn,KEs/OEJILTc1U0Ryal1N,bGtZdFdNcjNXVyF6Z3k9,QSZcIydbKzEwMCxbO3xReA==,VGpQVzxMbzRbTns2ek9X,b3dVTi1cSjVgajtlXSM+,elYoOXZ6bzV5cXpEJiwq,eGIxbDQkKzU2ISIxU0Vk,cSheWGwyRzlLYU0+fVdx,dlVcSWcnXDZQdDdsNClb
MHwjO0syPTVXMnFUVUpx,KUtnVFh7VTVdaTNYXE5Z,JTFbYm1CSDl1V2U+XW53,MFU4dThDIjZjQW57LS5c,RXBWKnotaDVwKn15Xjgo,MGdFNGBDUzl4b0hDYTxI,OT5pfG84RTEyIUxwaSExOA==,bzo5dTlpWDlUVkhjMSlf,am9RVnEmSDYldUFpKCVO,PkBkVnBNcTUtJHZaTlNC
U10jQEQmfDlcLiV1I1c1,dm0hamdvcTEyNUVGMT5gdw==,NENTbyFKLzExIlF4d2xDVw==,J3wuSWlzWjEyKiUqTHFiQw==,Plw9W2lhNDl+ZG48PX5c,IyhCNEUjRjEwb0RFdngnUA==,akFuJCJyWDEwYiN8fFNFVg==,VENFeDVifjEwP2RdezY9bg==,YzEtOysnLDg/VGFua2hl,eCcwNzBxczEyXGp4cyEiKA==
YWUzSzt3aUZvciBtYXplMDguanBnMDZ4TVVFKg==,elUyM2VWNDEwMCtMXmM4X3g=
X3UzOl5HUTNoR1o3cSEx,SGNFbGNkVTItfHlIZ313,LGYkOCM9OTEwSy12UDNzdA==,Wnl6NHYyPTEwSkJ1Rz5YZg==,O0tdYGJXRzEwMCZWWXhIeA==,JX1pPDx5XzEwLVRUbT5CPA==,Y1BrSWRpXDZfXVh1Zkk9,alxwV0xWYzExKlxrZlxrNg==,KC8zVnFVQDJXPSMqayU/,JSk4JXJhNjZmXSdoO11i
PmNaO0NkLDVDRDkkdW1W,dyxWdFEqRjVRNThfT0JD,MFpfSmRvNzNGYC1Iezw/,RnMhNVZ0ajEwVFRUPStOMA==,WkJ2O29HdTEwWypSeVtqPQ==,WzckNHBlOjYjIk9gXG97,dV8jT1ArXDkxPTVqTUJv,K1U2dDJQPjZ9QUt2TH5R,WVh3WkJ0NTEzJDx6RilrcQ==,PXdvNzdjZDVcNWd8fnNZ
PEFtZ2xRdDV2L0RCKDZf,bWlNIn1cXTlFYVZPL2JU,XGtYbHU8OzhpNXxocCRe,WTdVaF5MazEwQV91bkIvKw==,fCJEMmA8QTE0KWNlRVdcYQ==,YV9Pcl5RejVkaSZdekh5,T0ImSlNhXDMqK3dVTFIk,L1UyRT5LUDgtM3lZRilX,bHwjIXUsSTEwV0g2eVxcPw==,LzI2IztNIzQwSm90SiVq
QidrQydYIzVmOUtVRC8u,bXwkdjRRKzNCJyN8Ilph,a2FfLk0ibjZtOEVVIUg3,LX5BaXltfTNDKHJkcEEm,aEJ6amFoOTEwUVsnc2tLfQ==,Q350XU5fZzEyMn5vemdOLA==,JnJuXkl8STEzS0x5PGJAKw==,LSdkXXpFWzMoOFA6Jz4i,UU4qJz45YDZbV0BnRScn,PXw/aVRmPDEzWCUsUF1PTQ==
MzlXeStbRTk4dVJLJmtY,NFpLTytUcDEyNHExVUhHbw==,eVB8Z0EsITVQXip2dSlC,UTlYa2lTSTlGUVEtfSg9,NVwmaydEXzEwTSdAXHVOTA==,S3FgOXBifTEwOVM9cmhlYw==,Km5eaGtefTEwZlpTaTJ1PA==,cGl8cEZTXDEyN0I2YlN5XA==,c21TUD18PTlwLHI1JENP,STBgTmJFSTZ8ZiFwJGxG
WSpqVkpXTzM/SCNUNUlU,XU9EKy1FNDE0Kn5kZCZhUg==,XUFoP0BFZjlWdWd6VExW,Zkd9PHl5SDEwXFJCJzpmMg==,SEZuSC0+NTEwUiI7QFt2WA==,JFVNeT9qQzEwcj5VLEFxOA==,dVBVbVw0bTIkL1ttOyMj,dyR8KV52PTE0L0k3R0s/Rw==,RjQ/KmhgKDNjSyRkNHJ9,YykwL0ddfjEyP2lhb05bJg==
OGxYJn5FRjFSZjJjd0kq,XDpMVXQvMDYidWcoaCtX,ZGMha1FsQjM8Riw8YmNu,SidAXXcqbzEwcz4qdiw/ew==,LXZAbzlsTDIyWihYUjc9,LXJgJXpaZjE0d3NDb0M4Mg==,LnBhY3hGejU3TFpientR,dDkrRDo1bjNaWEFpVlh1,Mid5TjssdzEyQntzSm9TPA==,ZVdDUipOUzd9Y2F0THQ3
JHZ1YTl5ezV4dm4zOzJ6,VEdwZk82XDlvb25vfkls,Ty5HNjEuNzEyI2ZWL0kqOw==,WlV9fk4lODchOFo1XmYp,TS47VVIreDk5VGooXnYr,YURgSXhTKTEwO0FmcV0vMQ==,fGpeWnkoajEyMiRgfjk2SQ==,bWZQPVRqLDEzIytTR2tJUg==,dVM4TGg/ajMvRy1RJlts,Y2BKISYhJzRDTztac1Zm
bGUrcUh3TjklWyQ8Vykw,QzB4dnpdSTZhQU1fYH57,VDsoVnpKTjNqTF5pQWlW,JXZXYVc0QTRhLE5FWDl8,YElDWGFTczMnI0shSEFx,TlBFQ00ofjEwIWo8WFEnVQ==,VUo3clxnLTEwIysvfkV5PQ==,UjZFUG43WTY4VCYvKH1T,ZX4rbFRUVjEzP1Z3Wy9lXw==,WEdPPyJMdzVZXjpdRSRC
Y0R4MUJGQjExOT1rX0Vobw==,dF99PncsIThHOjpZTF9F,T1Z7WjkiPjEyUS1EcmpxaQ==,byxeXXpkeTlZPWFMOnFO,TV4mU3dUbTEyOHdLSUJ9UQ==,alI6SmAwJTExcUJ8Qy5Tcg==,Ojghfl1AYjEwdjljYHhLZA==,Sjw7YDlZKjh8OUFpVmxr,U0t0WjgtdjEwKFlAXCFGcQ==,Yys8eDddSjEycUJBe3RvKw==
LCRfP3ZjJUZvciBtYXplMDkuanBnQUkjdV9RJg==,SWN8cWtcczEwMElwXTAuJDU=
O2ArPlI1NjN6TFdYS1Nh,cChxX0dGWjJ7KytlZ1JM,NUEyME5LKTEwa3BoTmlJRw==,MSknMktbYjE0Q0dleT5GeA==,eVQyOElOZDNGNUs1KVRd,VGJMXmEuSTEwJHd2JHcnMQ==,akJmcHFxMjEwfUYycDJnYA==,M0lnZjdwZjYveitOU3U/,XHUtMmRSTTExdytMIitcIw==,anojMiFwajZcOnUwYW9i
SDFPJjBrRTUmJjQ5SjRg,MXE3TCpNTTU4Uz1aNXYz,YS1+M0R0bDExSFN3XCEkPg==,RD1NfS13cTEwOHU2YFBpZg==,KHZHTn1RcTEyIWl0eSxHMA==,LmF3YFBxQDNucycoKU00,d0IpYSZVLzE0TFgxUThHWA==,PmZXQFwzXjljUDNlfTRW,aCpMTms7NjEwanhaKkRccg==,QnNTS15hRjRCKndRVDAq
VyEzXFUqMDVwMjBbLXt1,cVR9V3h4KzlvekRjX0Iw,JjNIbl1LejZrclljW15m,TjNNdTYoJDNlIm15dGQx,SnhiUGliSzEwem1oQ0g+UQ==,QEB4TU9zdzhUSkFwYDVE,YF0zXXJuJjEwQHh5eXhjZw==,XnV+X3JQezEwZzhucmMyeA==,bH5jWSN0WjEwYEJkL3lXVg==,L21zOV9nJjEyPjdudzoqWA==
eEdaQG1oRDUnJHhifWp0,MW4vVVNkTTMjPS13MUlY,cDk1ZmJLSzQxbDllOUsz,WjI+OExmKTlRVkwsa2tJ,ZlMxMSdYZjZgWFxWKXJ0,fDd2N3Z5RzNDP2VLalJh,RnZFTHZZNzJVYXhTZkM4,L1VWSiNuUjEwLVVGVnQkPw==,eWZpcSNgIzEwLHxXfDdyIQ==,YV4hV2klODE0dGQ8MSNadA==
eFN5cnorKzV7QzdBRl5M,MFdcVjs9cDV3JVlgPmQu,bTI0Il1FTzU7eFpeZ0Rv,I3FATWI9cjM+MjZrKlRf,TTwjYWs+JTEyNEIlWEQoUw==,TkhHU1ReWTVVIjd8bjcy,UyNYXjF6VjEzN2NfO1ZqSg==,OkhbUzgkejMqfXVQfCty,aGFQU3k6IzEwfXp6UXsjMQ==,e3FlKn5ncjYiQHw3XDUm
NGRHKD5gSzVuKHk2PHpE,Y2E9OnYuRjVoYXthJVx3,LilIX3ZwRTVyOCQqPStB,JH5hbixnQjVaPW5JP0Jl,Sl9oejh+NTcpb0BFWltZ,RF1RY0klZjFgVio8fmJj,bkcoO0YrJTZweSUyR0Ys,KTIjIzQhPDVPUWxDejFn,dypaR1FyUzNqSWEnV05M,bStFPlg3MzQkOzslZEhx
bF5bN1xcJjVOM3xsS0Ra,MmVVPWNRNzVAfGE9PyJh,LzJsUjo/XzEzYig8UTlITA==,elBvXiU+XzVLNmc8Izlr,ZiVqKkFhZDlNXmcrJnRk,K15dVSs+TTEyUXVRR3h6aQ==,W3t8QFFFIjVYPWVZaG5c,VChLUFdEfjV3XCtqOUt7,IioyMWZsfjUveHhjJGJb,b1x3SnhTLTVRMmBfczJw
QCtdPkFCIzVeMF14NCE/,Olk6JzB8LDkwdGF1eSxt,c000TEldLzYiRjsnPEo1,b3NQKX1QWDksZCc4VXB0,ei1+PzJqTjZOMGMwT3tj,TCpoZnw6WTMzPUhCYTE/,YipAU2htWzEybU1VWEwzfQ==,cSNbKG9lKjUzQ2J0fUQy,UFJMMCwxYzVwfUBDLVVy,JE9iZVxtWTVtYnU5WXZ1
Yzx+RmE2KDVZVFg0Tl4y,MFQqRXlsSDdLKl9ETzxR,TG9cNmtCdDkxJl5+QDJN,eHtfdmw1OzZ+JVs0dj17,aFd8LW9OLTUnc1VYPyE5,bD9yO25OfTk2OEYzU1gs,USFMUGdUOjEwbWNaNj5AeA==,Rz9CQVR2bDEyOVlBXkhjXA==,TFprcX5VTzUpLDI+Y3dd,R0FUWVR5bjVvMy9nQXlU
UjpeOHpUVjlCNiZWI2Eh,Z312fWxRTThweHtacGpa,OmRYd31gcTE0XVhlTWJoUg==,aWN+QXNGeTlvNXo1emBN,XVRZUzxpJzhQUmBQanlS,dFNLSmV6IzEwXzJfb19Qew==,RE1tV04rXzEwJU86LyJdVA==,djReJ0VNQTEwSW43Lk8jLA==,SCEmLDVKWzEyYnp3VUJZfg==,VWk5ciZ4PzEzRURvJ1I1aw==
ITZ8VkRnZ0RhdGUgYW5kIFRpbWUgb2YgZXhlY3V0aW9uKVQ4WlhRSQ==,Jk5HZzc9bTI3LTEwLTIwMjAgMTQ6MzE6NTJwe2FoL1lv
